{"options":{"check_for_updates":true,"comment":null,"compatopts_for_requires":true,"compat_wrappedjsobject":false,"compat_metadata":false,"compat_foreach":false,"compat_prototypes":false,"noframes":null,"run_at":null,"override":{"use_includes":[],"orig_includes":[],"merge_includes":true,"use_matches":[],"orig_matches":["https://lk.ofd.ru/*"],"merge_matches":true,"use_excludes":[],"orig_excludes":[],"merge_excludes":true,"use_connects":[],"merge_connects":true,"use_blockers":[],"orig_run_at":"document-idle","orig_noframes":null}},"settings":{"enabled":true,"position":2},"meta":{"name":"Автоматическое скачивание Отчетов из OFD.RU","uuid":"bc609642-1fc2-4346-9233-d49847b3ac60","modified":1626946420400,"file_url":"https://mcmagjp.github.io/CR_TamperMonkey_Scripts/Reports_from_OFDRU.js"}}