{"options":{"check_for_updates":true,"comment":null,"compatopts_for_requires":true,"compat_wrappedjsobject":false,"compat_metadata":false,"compat_foreach":false,"compat_prototypes":false,"noframes":null,"run_at":null,"override":{"use_includes":[],"orig_includes":[],"merge_includes":true,"use_matches":[],"orig_matches":["https://lk.platformaofd.ru/web/noauth/cheque/*"],"merge_matches":true,"use_excludes":[],"orig_excludes":[],"merge_excludes":true,"use_connects":[],"merge_connects":true,"use_blockers":[],"orig_run_at":"document-idle","orig_noframes":null}},"settings":{"enabled":true,"position":4},"meta":{"name":"Автоматическое скачивание Отчетов из Платформа ОФД (Автозакрытие страницы)","uuid":"25dc0013-f441-47d4-a56b-5d68781f8ce2","modified":1626946442391,"file_url":"https://mcmagjp.github.io/CR_TamperMonkey_Scripts/Reports_from_PlatformaOFD_AutoClose.js"}}