{"options":{"check_for_updates":true,"comment":null,"compatopts_for_requires":true,"compat_wrappedjsobject":false,"compat_metadata":false,"compat_foreach":false,"compat_prototypes":false,"noframes":null,"run_at":null,"override":{"use_includes":[],"orig_includes":[],"merge_includes":true,"use_matches":[],"orig_matches":["https://lk-ofd.taxcom.ru/","https://lk-ofd.taxcom.ru/%23"],"merge_matches":true,"use_excludes":[],"orig_excludes":[],"merge_excludes":true,"use_connects":[],"merge_connects":true,"use_blockers":[],"orig_run_at":"document-idle","orig_noframes":null}},"settings":{"enabled":true,"position":6},"meta":{"name":"Автоматическое скачивание Отчетов из Такскома","uuid":"b14f15c0-c37c-49d4-b6d8-805bcaf0424a","modified":1626946462518,"file_url":"https://mcmagjp.github.io/CR_TamperMonkey_Scripts/Reports_from_Taxcom.js"}}