{"options":{"check_for_updates":true,"comment":null,"compatopts_for_requires":true,"compat_wrappedjsobject":false,"compat_metadata":false,"compat_foreach":false,"compat_prototypes":false,"noframes":null,"run_at":null,"override":{"use_includes":[],"orig_includes":[],"merge_includes":true,"use_matches":[],"orig_matches":["https://lkul.nalog.ru/kkt/","https://lkul.nalog.ru/kkt/index","https://lkul.nalog.ru/kkt/index/index"],"merge_matches":true,"use_excludes":[],"orig_excludes":[],"merge_excludes":true,"use_connects":[],"merge_connects":true,"use_blockers":[],"orig_run_at":"document-idle","orig_noframes":null}},"settings":{"enabled":true,"position":1},"meta":{"name":"Кнопки для ЛК ФНС","uuid":"a539c909-d9cc-4019-b9cd-cbf190aea679","modified":1626946405949,"file_url":"https://mcmagjp.github.io/CR_TamperMonkey_Scripts/Buttons_LK_FNS.js"}}